id,name,open,labeled,commented,closed
MDExOlB1bGxSZXF1ZXN0NTA2OTI0,https://github.com/behave/behave/pull/1,2011-11-18T01:12:17Z,,,2011-11-18T01:13:26Z
MDExOlB1bGxSZXF1ZXN0NTA2OTYw,https://github.com/behave/behave/pull/2,2011-11-18T01:27:36Z,,,2011-11-18T02:03:59Z
MDExOlB1bGxSZXF1ZXN0NTA3MTc3,https://github.com/behave/behave/pull/3,2011-11-18T03:09:53Z,,,2011-11-18T03:14:36Z
MDExOlB1bGxSZXF1ZXN0NTA3MjI5,https://github.com/behave/behave/pull/7,2011-11-18T03:46:24Z,,,2011-11-18T04:03:44Z
MDExOlB1bGxSZXF1ZXN0MTAwMDk5NQ==,https://github.com/behave/behave/pull/36,2012-03-17T06:44:27Z,,2012-04-09T07:04:58Z,2013-05-15T18:43:24Z
MDExOlB1bGxSZXF1ZXN0MTA0MzY0Nw==,https://github.com/behave/behave/pull/39,2012-03-25T17:28:05Z,,2012-05-09T04:38:08Z,2012-05-09T04:38:58Z
MDExOlB1bGxSZXF1ZXN0MTI5Njc3OA==,https://github.com/behave/behave/pull/43,2012-05-07T00:45:35Z,,2012-05-21T22:53:02Z,2012-05-21T22:52:10Z
MDExOlB1bGxSZXF1ZXN0MTQ0NTUwNg==,https://github.com/behave/behave/pull/49,2012-05-29T13:20:38Z,,2012-08-22T23:31:41Z,2013-01-04T16:31:15Z
MDExOlB1bGxSZXF1ZXN0MTc0NzkwMQ==,https://github.com/behave/behave/pull/51,2012-07-09T16:53:21Z,,,2012-07-10T05:59:07Z
MDExOlB1bGxSZXF1ZXN0MjEwNjY5MQ==,https://github.com/behave/behave/pull/61,2012-08-20T20:23:26Z,,,2012-08-21T01:06:17Z
MDExOlB1bGxSZXF1ZXN0MjI3NDI5Mw==,https://github.com/behave/behave/pull/71,2012-09-07T07:20:22Z,,2012-09-07T07:23:33Z,2014-04-04T09:25:32Z
MDExOlB1bGxSZXF1ZXN0MjU0MDM5MA==,https://github.com/behave/behave/pull/78,2012-10-04T09:42:50Z,,,2012-10-04T09:44:04Z
MDExOlB1bGxSZXF1ZXN0Mjc1OTU3Nw==,https://github.com/behave/behave/pull/79,2012-10-24T16:41:07Z,,2013-04-28T22:32:54Z,2013-04-28T22:26:43Z
MDExOlB1bGxSZXF1ZXN0Mjk1NDkxNA==,https://github.com/behave/behave/pull/86,2012-11-10T10:25:15Z,2018-02-13T22:07:10Z,2012-11-10T10:27:51Z,2018-10-03T14:02:07Z
MDExOlB1bGxSZXF1ZXN0Mjk4NTk3Mg==,https://github.com/behave/behave/pull/87,2012-11-13T19:27:48Z,,2013-04-14T16:32:04Z,2013-04-14T16:24:40Z
MDExOlB1bGxSZXF1ZXN0Mjk4ODQ2OA==,https://github.com/behave/behave/pull/88,2012-11-13T22:03:08Z,,2013-02-05T09:29:56Z,2013-02-05T09:29:57Z
MDExOlB1bGxSZXF1ZXN0Mjk5MzQ2OA==,https://github.com/behave/behave/pull/89,2012-11-14T08:23:27Z,,,2012-11-14T08:30:20Z
MDExOlB1bGxSZXF1ZXN0Mjk5MzUyMQ==,https://github.com/behave/behave/pull/90,2012-11-14T08:32:19Z,,2013-03-26T18:00:11Z,2013-03-26T18:00:11Z
MDExOlB1bGxSZXF1ZXN0MzIwMzEwNQ==,https://github.com/behave/behave/pull/97,2012-12-02T15:42:29Z,,2013-02-10T15:43:01Z,2013-02-10T15:43:01Z
MDExOlB1bGxSZXF1ZXN0MzM0NDczNA==,https://github.com/behave/behave/pull/101,2012-12-12T20:43:44Z,,2013-02-10T15:23:51Z,2013-02-10T15:23:51Z
MDExOlB1bGxSZXF1ZXN0MzM0ODY0Mg==,https://github.com/behave/behave/pull/102,2012-12-13T00:57:20Z,,2013-04-13T21:24:39Z,2013-04-14T13:19:19Z
MDExOlB1bGxSZXF1ZXN0MzM3MDU4MA==,https://github.com/behave/behave/pull/104,2012-12-14T11:16:05Z,,2012-12-14T11:19:21Z,2013-03-26T22:57:37Z
MDExOlB1bGxSZXF1ZXN0MzQxMjA4OA==,https://github.com/behave/behave/pull/105,2012-12-18T15:32:15Z,,2012-12-18T23:21:49Z,2013-02-05T09:20:10Z
MDExOlB1bGxSZXF1ZXN0Mzk2NzA0NA==,https://github.com/behave/behave/pull/108,2013-02-04T01:14:01Z,,2013-02-04T22:24:19Z,2013-09-07T16:28:20Z
MDExOlB1bGxSZXF1ZXN0NDAzNTg3MA==,https://github.com/behave/behave/pull/110,2013-02-07T14:01:43Z,,2013-06-02T18:28:54Z,2013-06-02T18:28:54Z
MDExOlB1bGxSZXF1ZXN0NDE2MDY2OQ==,https://github.com/behave/behave/pull/113,2013-02-15T09:45:32Z,,2013-02-16T15:18:10Z,2013-02-16T15:18:10Z
MDExOlB1bGxSZXF1ZXN0NDE2Mjc0Mg==,https://github.com/behave/behave/pull/114,2013-02-15T12:34:46Z,,2013-02-16T14:21:41Z,2013-02-18T20:41:08Z
MDExOlB1bGxSZXF1ZXN0NDE2MzE0Mg==,https://github.com/behave/behave/pull/115,2013-02-15T13:08:41Z,,2013-04-21T21:01:21Z,2013-04-21T21:11:15Z
MDExOlB1bGxSZXF1ZXN0NDE4MTQxOA==,https://github.com/behave/behave/pull/116,2013-02-17T09:38:31Z,,2013-02-17T17:50:19Z,2013-02-17T17:50:19Z
MDExOlB1bGxSZXF1ZXN0NDI3ODAyNg==,https://github.com/behave/behave/pull/123,2013-02-22T16:47:40Z,,2013-02-22T16:48:26Z,2013-02-22T16:48:26Z
MDExOlB1bGxSZXF1ZXN0NDMzODA4NQ==,https://github.com/behave/behave/pull/124,2013-02-26T22:58:30Z,,,2013-05-22T16:00:21Z
MDExOlB1bGxSZXF1ZXN0NDM4MTU5MA==,https://github.com/behave/behave/pull/129,2013-02-28T21:06:53Z,,2013-04-11T20:57:17Z,2013-04-11T20:57:17Z
MDExOlB1bGxSZXF1ZXN0NDM4MjExMg==,https://github.com/behave/behave/pull/130,2013-02-28T21:30:15Z,,,2013-03-23T20:57:31Z
MDExOlB1bGxSZXF1ZXN0NDM4MzU2Nw==,https://github.com/behave/behave/pull/131,2013-02-28T22:34:31Z,,2013-03-01T22:48:21Z,2013-04-13T17:02:29Z
MDExOlB1bGxSZXF1ZXN0NDQxMDk5Ng==,https://github.com/behave/behave/pull/133,2013-03-02T20:26:57Z,,2013-04-06T21:56:45Z,2013-04-06T21:51:05Z
MDExOlB1bGxSZXF1ZXN0NDU4MTY2MQ==,https://github.com/behave/behave/pull/136,2013-03-12T22:33:32Z,,2013-03-13T23:00:10Z,2013-03-13T23:00:10Z
MDExOlB1bGxSZXF1ZXN0NDc5MzczNg==,https://github.com/behave/behave/pull/140,2013-03-25T14:15:23Z,,2013-03-25T18:35:04Z,2013-03-26T10:48:50Z
MDExOlB1bGxSZXF1ZXN0NDc5NDExNw==,https://github.com/behave/behave/pull/141,2013-03-25T14:31:37Z,,2013-03-25T15:55:26Z,2013-03-26T21:47:11Z
MDExOlB1bGxSZXF1ZXN0NDgwMzU5NQ==,https://github.com/behave/behave/pull/144,2013-03-25T21:02:01Z,,2013-03-25T21:16:20Z,2013-03-25T21:15:46Z
MDExOlB1bGxSZXF1ZXN0NDgxNzA1Mg==,https://github.com/behave/behave/pull/146,2013-03-26T14:02:30Z,,2013-03-26T14:08:37Z,2013-04-04T22:26:58Z
MDExOlB1bGxSZXF1ZXN0NDgxOTIyNQ==,https://github.com/behave/behave/pull/147,2013-03-26T15:24:49Z,,2013-06-12T17:52Z,2013-10-14T20:40:37Z
MDExOlB1bGxSZXF1ZXN0NDkyMzU3OQ==,https://github.com/behave/behave/pull/150,2013-04-02T06:53:09Z,,2013-04-02T07:16:08Z,2013-04-02T07:21:46Z
MDExOlB1bGxSZXF1ZXN0NTE1NzczNg==,https://github.com/behave/behave/pull/152,2013-04-15T08:54:51Z,,2013-04-15T09:27:34Z,2013-04-24T21:25:32Z
MDExOlB1bGxSZXF1ZXN0NTI1NzA3MA==,https://github.com/behave/behave/pull/154,2013-04-19T10:33:53Z,,2013-04-20T20:50:02Z,2013-04-20T20:27:59Z
MDExOlB1bGxSZXF1ZXN0NTI4MDk1OA==,https://github.com/behave/behave/pull/156,2013-04-21T19:01:02Z,,2013-04-21T19:06:28Z,2013-04-24T21:26:20Z
MDExOlB1bGxSZXF1ZXN0NTI4MTYyMw==,https://github.com/behave/behave/pull/157,2013-04-21T21:17:49Z,2018-02-13T22:07:11Z,2013-05-22T14:29:28Z,2018-02-27T22:21:17Z
MDExOlB1bGxSZXF1ZXN0NTg2MjMxMg==,https://github.com/behave/behave/pull/165,2013-05-22T14:23:31Z,,2013-05-30T11:13:48Z,2013-05-30T11:13:48Z
MDExOlB1bGxSZXF1ZXN0NjU1NTAyMA==,https://github.com/behave/behave/pull/168,2013-06-26T09:01:20Z,,2013-06-26T22:42:32Z,2013-06-26T22:37:14Z
MDExOlB1bGxSZXF1ZXN0NjU4ODE5Mw==,https://github.com/behave/behave/pull/170,2013-06-27T12:56:28Z,,2017-10-11T20:00:18Z,2017-10-11T20:00:18Z
MDExOlB1bGxSZXF1ZXN0NjcwNTE5Mg==,https://github.com/behave/behave/pull/173,2013-07-03T13:47:27Z,,,2013-07-03T20:22:30Z
MDExOlB1bGxSZXF1ZXN0NzA3NTIwMQ==,https://github.com/behave/behave/pull/176,2013-07-22T12:13:22Z,,2013-07-22T18:44:40Z,2013-07-22T18:37:29Z
MDExOlB1bGxSZXF1ZXN0NzExNjk0Mw==,https://github.com/behave/behave/pull/178,2013-07-23T19:09Z,,2013-10-14T20:45:47Z,2013-10-14T20:45:47Z
MDExOlB1bGxSZXF1ZXN0NzUzODQ0MA==,https://github.com/behave/behave/pull/182,2013-08-12T12:08:25Z,2018-02-13T22:07:12Z,2013-08-12T19:46:59Z,2018-09-07T16:22:11Z
MDExOlB1bGxSZXF1ZXN0NzY2NjYyNQ==,https://github.com/behave/behave/pull/183,2013-08-16T18:23:44Z,,2013-08-19T08:08:30Z,2013-08-22T00:43:04Z
MDExOlB1bGxSZXF1ZXN0NzY5MzM1Mg==,https://github.com/behave/behave/pull/185,2013-08-19T11:32:15Z,,2013-09-06T21:03:59Z,2013-09-06T21:03:59Z
MDExOlB1bGxSZXF1ZXN0NzcyMDk4Mg==,https://github.com/behave/behave/pull/186,2013-08-20T09:30:51Z,,2013-08-20T16:24:53Z,2013-08-26T20:02:18Z
MDExOlB1bGxSZXF1ZXN0NzkzODQxOQ==,https://github.com/behave/behave/pull/187,2013-08-28T23:20:59Z,,2013-10-01T19:04:42Z,2013-10-01T19:04:43Z
MDExOlB1bGxSZXF1ZXN0ODI3MTYyOA==,https://github.com/behave/behave/pull/190,2013-09-12T09:11:47Z,,2013-10-16T15:45:32Z,2014-12-30T14:32:34Z
MDExOlB1bGxSZXF1ZXN0OTA0Njg3OA==,https://github.com/behave/behave/pull/193,2013-10-12T11:36:25Z,,,2013-10-14T20:46:38Z
MDExOlB1bGxSZXF1ZXN0OTIxMDg1Mw==,https://github.com/behave/behave/pull/196,2013-10-18T14:53:20Z,,2013-10-18T16:36:09Z,2013-10-24T21:03:27Z
MDExOlB1bGxSZXF1ZXN0OTI0MjY2MA==,https://github.com/behave/behave/pull/198,2013-10-21T00:39:04Z,,2013-10-23T14:01:34Z,2013-10-23T14:00:29Z
MDExOlB1bGxSZXF1ZXN0MTAyMzQ5NTA=,https://github.com/behave/behave/pull/204,2013-11-23T12:58:30Z,,2013-12-01T15:14:45Z,2013-12-01T15:13:10Z
MDExOlB1bGxSZXF1ZXN0MTA2OTA4MjA=,https://github.com/behave/behave/pull/205,2013-12-10T16:06:25Z,,2016-01-08T18:47Z,2016-01-08T18:44:44Z
MDExOlB1bGxSZXF1ZXN0MTIxMTgzMTQ=,https://github.com/behave/behave/pull/206,2014-02-02T21:38:54Z,,,2014-05-13T02:45:27Z
MDExOlB1bGxSZXF1ZXN0MTQ3NzAzNjA=,https://github.com/behave/behave/pull/219,2014-04-15T13:49:03Z,,2014-04-17T05:40:56Z,2015-01-24T17:49:04Z
MDExOlB1bGxSZXF1ZXN0MTUzOTA2Mzg=,https://github.com/behave/behave/pull/221,2014-05-01T15:01:10Z,,,2014-05-11T18:57:36Z
MDExOlB1bGxSZXF1ZXN0MTYyMzQzMzE=,https://github.com/behave/behave/pull/224,2014-05-22T17:57:47Z,,2014-09-30T16:08:37Z,2014-09-30T16:08:37Z
MDExOlB1bGxSZXF1ZXN0MTY3Mzk3NDU=,https://github.com/behave/behave/pull/229,2014-06-04T22:54:31Z,,,2014-07-06T18:16:37Z
MDExOlB1bGxSZXF1ZXN0MTczNjUzMzk=,https://github.com/behave/behave/pull/234,2014-06-19T17:47:02Z,,,2014-07-12T14:27:17Z
MDExOlB1bGxSZXF1ZXN0MTgwMTcxNDQ=,https://github.com/behave/behave/pull/239,2014-07-06T10:04:25Z,,2014-07-06T18:37:05Z,2014-07-12T14:16:02Z
MDExOlB1bGxSZXF1ZXN0MTgzMDk4OTM=,https://github.com/behave/behave/pull/240,2014-07-12T01:44:09Z,2014-07-12T14:48:08Z,2014-07-12T20:15:13Z,2014-07-12T20:13:21Z
MDExOlB1bGxSZXF1ZXN0MTg1NDQ1NzM=,https://github.com/behave/behave/pull/241,2014-07-17T18:11:01Z,,2014-07-17T18:20:30Z,2014-07-17T18:20:30Z
MDExOlB1bGxSZXF1ZXN0MTg1NDUzMjg=,https://github.com/behave/behave/pull/242,2014-07-17T18:24:57Z,,2014-10-18T18:13:33Z,2014-10-18T18:12:21Z
MDExOlB1bGxSZXF1ZXN0MTg2MjExMTc=,https://github.com/behave/behave/pull/243,2014-07-19T14:34:11Z,,2014-12-14T16:18:51Z,2014-12-14T16:18:51Z
MDExOlB1bGxSZXF1ZXN0MjA4NTEwMzc=,https://github.com/behave/behave/pull/249,2014-09-06T17:23:53Z,,,2014-10-18T17:03:48Z
MDExOlB1bGxSZXF1ZXN0MjEyMzE5MDQ=,https://github.com/behave/behave/pull/252,2014-09-15T13:31:23Z,,2014-12-30T14:31:43Z,2014-12-30T14:31:43Z
MDExOlB1bGxSZXF1ZXN0MjEyNTcyNjg=,https://github.com/behave/behave/pull/254,2014-09-15T20:11:58Z,,2014-12-23T15:22:59Z,2014-12-23T15:22:59Z
MDExOlB1bGxSZXF1ZXN0MjIwMTU0Nzc=,https://github.com/behave/behave/pull/257,2014-09-30T16:08:11Z,,,2014-10-18T17:09:20Z
MDExOlB1bGxSZXF1ZXN0MjI3NDE3Njc=,https://github.com/behave/behave/pull/258,2014-10-14T20:46:01Z,2016-04-26T19:28:53Z,2014-10-22T04:57:43Z,2018-02-27T22:21:15Z
MDExOlB1bGxSZXF1ZXN0MjM3ODkzMjk=,https://github.com/behave/behave/pull/260,2014-11-03T20:40:59Z,,2014-12-20T21:10:14Z,2014-12-20T21:09:54Z
MDExOlB1bGxSZXF1ZXN0MjM3OTEyMjE=,https://github.com/behave/behave/pull/261,2014-11-03T21:07:48Z,,2014-12-20T19:04:28Z,2014-12-20T19:02:24Z
MDExOlB1bGxSZXF1ZXN0MjUzNTMzMjk=,https://github.com/behave/behave/pull/268,2014-12-02T16:18:09Z,,2014-12-09T11:17:51Z,2014-12-23T11:45:27Z
MDExOlB1bGxSZXF1ZXN0MjU1MDQ2MzA=,https://github.com/behave/behave/pull/269,2014-12-04T15:41:02Z,,,2014-12-20T18:40:10Z
MDExOlB1bGxSZXF1ZXN0MjU1NjM5MTQ=,https://github.com/behave/behave/pull/271,2014-12-05T11:15:15Z,,2014-12-20T20:57:07Z,2014-12-20T20:56:04Z
MDExOlB1bGxSZXF1ZXN0MjU2MDI5NjA=,https://github.com/behave/behave/pull/272,2014-12-05T21:53:12Z,,2014-12-20T21:30:54Z,2014-12-20T21:30:26Z
MDExOlB1bGxSZXF1ZXN0MjU4MjI5NTY=,https://github.com/behave/behave/pull/274,2014-12-10T13:51:59Z,,2014-12-23T15:25:43Z,2014-12-23T15:25:43Z
MDExOlB1bGxSZXF1ZXN0MjU5NDA0MjY=,https://github.com/behave/behave/pull/275,2014-12-11T23:12:40Z,,,2014-12-14T15:16:50Z
MDExOlB1bGxSZXF1ZXN0MjY2MjM5ODk=,https://github.com/behave/behave/pull/278,2014-12-28T13:33:53Z,,2014-12-28T23:33:40Z,2014-12-28T23:33:26Z
MDExOlB1bGxSZXF1ZXN0Mjc0OTk1Mzc=,https://github.com/behave/behave/pull/281,2015-01-16T11:33:02Z,2018-04-11T15:15:40Z,2015-01-19T22:21:12Z,2018-04-25T15:31:08Z
MDExOlB1bGxSZXF1ZXN0Mjc0OTk2NzE=,https://github.com/behave/behave/pull/282,2015-01-16T11:35:58Z,,2015-01-18T18:59:55Z,2015-01-18T18:55:55Z
MDExOlB1bGxSZXF1ZXN0Mjc1MzEyNzU=,https://github.com/behave/behave/pull/283,2015-01-16T19:48:24Z,,2015-01-17T15:35:57Z,2015-01-17T15:35:29Z
MDExOlB1bGxSZXF1ZXN0Mjk1MjYxNTk=,https://github.com/behave/behave/pull/290,2015-02-18T13:47:59Z,2018-02-13T22:07:14Z,2018-02-13T22:06:49Z,2018-09-25T23:11:45Z
MDExOlB1bGxSZXF1ZXN0Mjk3MzY1MjU=,https://github.com/behave/behave/pull/291,2015-02-20T22:21:32Z,,2015-03-02T20:37:36Z,2015-03-02T20:37:36Z
MDExOlB1bGxSZXF1ZXN0Mjk3NDk3ODA=,https://github.com/behave/behave/pull/292,2015-02-21T06:30:01Z,,2015-03-02T20:14:05Z,2015-03-02T20:13:18Z
MDExOlB1bGxSZXF1ZXN0Mjk3NjAzMzY=,https://github.com/behave/behave/pull/293,2015-02-21T21:25:50Z,,,2015-02-21T22:29:36Z
MDExOlB1bGxSZXF1ZXN0MzA5OTAzMTI=,https://github.com/behave/behave/pull/297,2015-03-11T22:07:29Z,,2015-07-28T00:35:47Z,2017-10-08T19:26:28Z
MDExOlB1bGxSZXF1ZXN0MzIxNzExMzI=,https://github.com/behave/behave/pull/305,2015-03-28T21:00:13Z,,2015-03-29T19:31:29Z,2015-03-29T19:31:25Z
MDExOlB1bGxSZXF1ZXN0MzIyNzM0Njg=,https://github.com/behave/behave/pull/307,2015-03-30T22:18:36Z,,,2015-03-31T20:37:10Z
MDExOlB1bGxSZXF1ZXN0MzQzODk2MDg=,https://github.com/behave/behave/pull/315,2015-04-29T18:06:08Z,,2015-05-26T10:45:13Z,2015-05-30T18:43:55Z
MDExOlB1bGxSZXF1ZXN0MzQzODk4MTE=,https://github.com/behave/behave/pull/316,2015-04-29T18:08:28Z,,2015-05-26T11:12:19Z,2015-05-30T18:43:22Z
MDExOlB1bGxSZXF1ZXN0MzYxNDQwNDM=,https://github.com/behave/behave/pull/321,2015-05-25T14:52:23Z,,2015-05-30T18:42:41Z,2015-05-30T18:41:43Z
MDExOlB1bGxSZXF1ZXN0MzY0NzQyODM=,https://github.com/behave/behave/pull/324,2015-05-29T05:01:58Z,,,2015-07-10T09:38:59Z
MDExOlB1bGxSZXF1ZXN0MzY1Mjk4MzY=,https://github.com/behave/behave/pull/325,2015-05-29T18:00:34Z,2018-02-13T22:07:15Z,2018-02-13T22:06:50Z,2018-02-27T22:21:13Z
MDExOlB1bGxSZXF1ZXN0MzY4NTI4NTc=,https://github.com/behave/behave/pull/326,2015-06-03T16:44:51Z,,2016-01-13T22:29:08Z,2016-01-13T22:28:54Z
MDExOlB1bGxSZXF1ZXN0MzY5MDI5MTY=,https://github.com/behave/behave/pull/327,2015-06-04T05:15:36Z,,,2015-06-09T21:01:09Z
MDExOlB1bGxSZXF1ZXN0MzcwOTg4MzQ=,https://github.com/behave/behave/pull/328,2015-06-07T00:00:28Z,,2015-06-09T21:18:48Z,2016-01-16T18:53:29Z
MDExOlB1bGxSZXF1ZXN0Mzg2MzgwNjA=,https://github.com/behave/behave/pull/331,2015-06-26T10:53:05Z,,2016-01-07T11:18:42Z,2016-01-07T11:15:53Z
MDExOlB1bGxSZXF1ZXN0MzkzMTIxOTk=,https://github.com/behave/behave/pull/335,2015-07-06T21:21:54Z,,2016-01-13T22:23:13Z,2016-01-13T22:22:55Z
MDExOlB1bGxSZXF1ZXN0NDAzMjM5MjI=,https://github.com/behave/behave/pull/338,2015-07-20T05:11:54Z,,2015-08-06T03:41:23Z,2015-12-27T19:43:18Z
MDExOlB1bGxSZXF1ZXN0NDAzMjQwNzE=,https://github.com/behave/behave/pull/339,2015-07-20T05:17:46Z,,2015-08-06T03:41:56Z,2015-12-27T19:39:55Z
MDExOlB1bGxSZXF1ZXN0NDAzNTYzMTY=,https://github.com/behave/behave/pull/340,2015-07-20T14:17:41Z,2018-02-13T22:07:16Z,2015-07-25T01:17:04Z,2019-03-19T23:38:02Z
MDExOlB1bGxSZXF1ZXN0NDA0MjI0NTE=,https://github.com/behave/behave/pull/343,2015-07-21T04:51:50Z,,2015-08-01T09:22:34Z,2015-08-01T09:21:35Z
MDExOlB1bGxSZXF1ZXN0NDA0MjQyOTk=,https://github.com/behave/behave/pull/344,2015-07-21T05:43:25Z,,2017-11-08T00:19:35Z,2017-11-08T06:48:14Z
MDExOlB1bGxSZXF1ZXN0NDA0MzU0ODM=,https://github.com/behave/behave/pull/345,2015-07-21T08:56:13Z,,2016-01-07T09:31:31Z,2016-01-07T09:31:42Z
MDExOlB1bGxSZXF1ZXN0NDIzMjI3OTQ=,https://github.com/behave/behave/pull/354,2015-08-13T07:42:31Z,,2015-08-13T08:06:11Z,2016-10-15T13:02:22Z
MDExOlB1bGxSZXF1ZXN0NDQzMjcyNzk=,https://github.com/behave/behave/pull/359,2015-09-07T07:36:13Z,,2016-02-03T21:10:31Z,2016-03-13T17:20:25Z
MDExOlB1bGxSZXF1ZXN0NDQ1NjY1NjA=,https://github.com/behave/behave/pull/360,2015-09-09T15:45:03Z,,2016-01-07T09:04:59Z,2016-01-07T09:04:29Z
MDExOlB1bGxSZXF1ZXN0NDQ3NzU3Njk=,https://github.com/behave/behave/pull/362,2015-09-11T12:17:56Z,,2015-12-27T19:52:29Z,2015-12-27T19:52:16Z
MDExOlB1bGxSZXF1ZXN0NDY4NTMwMjE=,https://github.com/behave/behave/pull/367,2015-10-06T01:09:39Z,,2015-10-06T01:30:45Z,2015-12-27T19:28:02Z
MDExOlB1bGxSZXF1ZXN0NDc3ODkyNTQ=,https://github.com/behave/behave/pull/369,2015-10-15T13:56:20Z,,2015-10-16T10:10:09Z,2015-11-06T15:41:10Z
MDExOlB1bGxSZXF1ZXN0NDgxMDQ2NTA=,https://github.com/behave/behave/pull/370,2015-10-19T17:58:58Z,2018-02-13T22:07:07Z,2015-11-13T18:07:13Z,2018-02-27T22:21:20Z
MDExOlB1bGxSZXF1ZXN0NTIwMzY3MDI=,https://github.com/behave/behave/pull/375,2015-11-28T09:06:15Z,,2016-01-09T11:04:47Z,2017-10-08T19:21:33Z
MDExOlB1bGxSZXF1ZXN0NTI1OTM3Nzg=,https://github.com/behave/behave/pull/379,2015-12-03T21:17:58Z,,2015-12-27T19:35:48Z,2015-12-27T19:35:23Z
MDExOlB1bGxSZXF1ZXN0NTM5NjE5OTA=,https://github.com/behave/behave/pull/382,2015-12-17T10:59:50Z,,2015-12-27T19:32:31Z,2015-12-27T19:30:04Z
MDExOlB1bGxSZXF1ZXN0NTQ5Nzg5OTM=,https://github.com/behave/behave/pull/388,2016-01-04T14:18:23Z,,2016-01-04T14:28:27Z,2016-04-26T19:24:32Z
MDExOlB1bGxSZXF1ZXN0NTU0NjA0ODQ=,https://github.com/behave/behave/pull/391,2016-01-08T13:19:11Z,2018-02-13T22:07:17Z,2018-02-13T22:06:52Z,2018-02-27T22:21:12Z
MDExOlB1bGxSZXF1ZXN0NTU0Njc1OTM=,https://github.com/behave/behave/pull/392,2016-01-08T14:37:06Z,,,2016-01-08T14:37:15Z
MDExOlB1bGxSZXF1ZXN0NTU0Njg4MjU=,https://github.com/behave/behave/pull/393,2016-01-08T14:48:24Z,2018-02-13T22:07:18Z,2016-01-08T15:01:41Z,2018-02-27T22:21:12Z
MDExOlB1bGxSZXF1ZXN0NjM1NTkxODk=,https://github.com/behave/behave/pull/423,2016-03-21T12:54Z,2016-03-22T19:46:55Z,2016-03-22T21:05:47Z,2016-03-22T21:02:22Z
MDExOlB1bGxSZXF1ZXN0NjQ4NzE0Mjc=,https://github.com/behave/behave/pull/429,2016-03-31T22:47:31Z,,2016-04-01T00:36:28Z,2016-04-23T09:02:46Z
MDExOlB1bGxSZXF1ZXN0NjU3MDkzNzg=,https://github.com/behave/behave/pull/430,2016-04-07T22:19:52Z,2018-02-13T22:07:19Z,2016-04-30T09:42:53Z,2018-02-27T22:21:11Z
MDExOlB1bGxSZXF1ZXN0NjY0NjYwMjg=,https://github.com/behave/behave/pull/433,2016-04-14T11:08:19Z,,2016-04-17T13:48:46Z,2016-04-18T10:10:22Z
MDExOlB1bGxSZXF1ZXN0NjgxMzA0Mjg=,https://github.com/behave/behave/pull/440,2016-04-27T21:45:48Z,,2016-04-29T21:26:56Z,2016-04-29T21:26:35Z
MDExOlB1bGxSZXF1ZXN0NjgxMzQ1ODQ=,https://github.com/behave/behave/pull/441,2016-04-27T22:17:14Z,,2016-04-30T09:43:17Z,2016-05-01T19:02:42Z
MDExOlB1bGxSZXF1ZXN0NjgyMjg2NDA=,https://github.com/behave/behave/pull/443,2016-04-28T14:20:53Z,,2016-04-29T21:10:35Z,2016-04-29T21:04:25Z
MDExOlB1bGxSZXF1ZXN0NjkwMjgyMDI=,https://github.com/behave/behave/pull/445,2016-05-05T16:01:45Z,,2016-05-05T16:04:57Z,2016-05-06T15:19:44Z
MDExOlB1bGxSZXF1ZXN0NjkxNjU3Mzc=,https://github.com/behave/behave/pull/446,2016-05-06T15:15:42Z,,2016-05-06T15:22:22Z,2016-10-02T10:52:40Z
MDExOlB1bGxSZXF1ZXN0NjkzMTk0NzU=,https://github.com/behave/behave/pull/447,2016-05-09T09:45:17Z,,2016-05-09T09:47:43Z,2016-11-16T21:34:46Z
MDExOlB1bGxSZXF1ZXN0Njk0ODk4MjE=,https://github.com/behave/behave/pull/448,2016-05-10T11:26:59Z,,2016-05-10T11:32:40Z,2016-10-01T21:42:33Z
MDExOlB1bGxSZXF1ZXN0Njk2NDM1OTk=,https://github.com/behave/behave/pull/450,2016-05-11T09:49:39Z,2018-02-13T22:07:04Z,2016-05-11T09:50:46Z,2018-02-27T22:21:21Z
MDExOlB1bGxSZXF1ZXN0Njk3MjgwNTg=,https://github.com/behave/behave/pull/451,2016-05-11T19:27:39Z,,2016-05-11T19:33Z,2016-10-15T13:01:15Z
MDExOlB1bGxSZXF1ZXN0Njk3MzEwMDY=,https://github.com/behave/behave/pull/452,2016-05-11T19:48:22Z,,2016-05-11T19:52:25Z,2016-10-15T13:00:38Z
MDExOlB1bGxSZXF1ZXN0NzEwMDM3MDE=,https://github.com/behave/behave/pull/460,2016-05-23T04:30:39Z,,2016-05-23T04:35:17Z,2016-07-18T15:25:22Z
MDExOlB1bGxSZXF1ZXN0NzQ5MzMxNjI=,https://github.com/behave/behave/pull/467,2016-06-23T10:44:49Z,2016-07-17T15:57:18Z,2016-07-09T02:04:41Z,2016-08-04T12:32:29Z
MDExOlB1bGxSZXF1ZXN0NzU2MTQ5NTM=,https://github.com/behave/behave/pull/469,2016-06-29T09:24:38Z,,2016-07-03T18:50:49Z,2016-07-03T18:50:07Z
MDExOlB1bGxSZXF1ZXN0NzU5NTM4MDY=,https://github.com/behave/behave/pull/470,2016-07-01T09:44:26Z,,,2016-07-01T13:03:43Z
MDExOlB1bGxSZXF1ZXN0NzU5NzQ5NTc=,https://github.com/behave/behave/pull/471,2016-07-01T12:49:28Z,2016-07-03T18:37:18Z,2016-07-01T13:01:48Z,2016-10-15T12:59:53Z
MDExOlB1bGxSZXF1ZXN0Nzg5MjQxMjA=,https://github.com/behave/behave/pull/476,2016-07-26T20:56:20Z,,2016-07-26T22:01:15Z,2016-07-26T22:01:15Z
MDExOlB1bGxSZXF1ZXN0ODAyNTA5MTI=,https://github.com/behave/behave/pull/480,2016-08-05T14:20:09Z,,2016-08-15T15:20:42Z,2016-08-15T15:20:42Z
MDExOlB1bGxSZXF1ZXN0ODE5OTUxMjA=,https://github.com/behave/behave/pull/482,2016-08-19T14:59:40Z,2018-02-13T22:07:20Z,2018-02-13T22:06:55Z,2018-02-27T22:21:10Z
MDExOlB1bGxSZXF1ZXN0ODIwMDg1Njg=,https://github.com/behave/behave/pull/483,2016-08-19T16:29Z,2018-02-13T22:07:21Z,2018-02-13T22:06:56Z,2018-02-27T22:21:09Z
MDExOlB1bGxSZXF1ZXN0ODIwMDg4MDM=,https://github.com/behave/behave/pull/484,2016-08-19T16:30:36Z,2018-02-13T22:07:22Z,2018-02-13T22:06:57Z,2018-02-27T22:21:07Z
MDExOlB1bGxSZXF1ZXN0ODI2MDAzMzM=,https://github.com/behave/behave/pull/489,2016-08-24T19:13:04Z,,2016-09-30T21:33:12Z,2016-09-30T21:33:07Z
MDExOlB1bGxSZXF1ZXN0ODc5MDMyMDg=,https://github.com/behave/behave/pull/498,2016-10-04T14:17:57Z,2018-02-13T22:07:23Z,2016-10-04T21:35:38Z,2018-02-27T22:21:07Z
MDExOlB1bGxSZXF1ZXN0ODk2MTQyMzA=,https://github.com/behave/behave/pull/502,2016-10-17T12:31:49Z,2018-02-13T22:07:24Z,2018-02-13T22:06:59Z,2018-02-27T22:21:06Z
MDExOlB1bGxSZXF1ZXN0ODk5OTU3MTg=,https://github.com/behave/behave/pull/503,2016-10-19T12:06:42Z,2016-10-19T19:57:05Z,2016-10-24T07:46:37Z,2017-09-18T14:03:47Z
MDExOlB1bGxSZXF1ZXN0MTAyNDAyNjI4,https://github.com/behave/behave/pull/522,2017-01-20T05:12:41Z,2018-08-29T01:52:55Z,2018-08-29T01:52:54Z,2018-09-12T01:58Z
MDExOlB1bGxSZXF1ZXN0MTAzNDAxNTU2,https://github.com/behave/behave/pull/527,2017-01-26T22:17:07Z,2018-02-13T22:07:25Z,2017-01-28T10:01Z,2018-02-27T22:21:05Z
MDExOlB1bGxSZXF1ZXN0MTA2ODg1NTc3,https://github.com/behave/behave/pull/534,2017-02-19T02:18:08Z,2018-02-13T22:07:26Z,2018-02-13T22:07:01Z,2018-02-27T22:21:04Z
MDExOlB1bGxSZXF1ZXN0MTExOTk2MjY4,https://github.com/behave/behave/pull/542,2017-03-22T12:24:47Z,,2017-03-25T13:16:51Z,2017-10-08T16:28:21Z
MDExOlB1bGxSZXF1ZXN0MTEyNzQ3NzM0,https://github.com/behave/behave/pull/545,2017-03-27T13:42:04Z,,2017-03-28T19:25:44Z,2017-03-28T19:23:06Z
MDExOlB1bGxSZXF1ZXN0MTEzNjAzMjU4,https://github.com/behave/behave/pull/548,2017-03-31T08:55:56Z,,2017-05-11T18:21Z,2017-10-08T15:57:10Z
MDExOlB1bGxSZXF1ZXN0MTE0NzEwNzU3,https://github.com/behave/behave/pull/554,2017-04-06T22:42:50Z,,2017-04-15T08:44:56Z,2017-10-08T19:58:49Z
MDExOlB1bGxSZXF1ZXN0MTIzNDYwOTM0,https://github.com/behave/behave/pull/566,2017-06-01T09:58:09Z,,,2017-10-08T15:03:31Z
MDExOlB1bGxSZXF1ZXN0MTIzNjk1OTg4,https://github.com/behave/behave/pull/567,2017-06-02T11:19:39Z,,2017-06-02T11:22:47Z,2017-06-02T11:40:13Z
MDExOlB1bGxSZXF1ZXN0MTIzNzAwMzM0,https://github.com/behave/behave/pull/568,2017-06-02T11:47:40Z,2018-02-13T22:07:09Z,2018-02-13T22:06:44Z,2018-02-27T22:21:18Z
MDExOlB1bGxSZXF1ZXN0MTIzODk2NjU2,https://github.com/behave/behave/pull/571,2017-06-04T23:36:53Z,2018-02-13T22:07:08Z,2018-02-13T22:06:43Z,2018-02-27T22:21:18Z
MDExOlB1bGxSZXF1ZXN0MTI4MDI1OTY2,https://github.com/behave/behave/pull/579,2017-06-28T21:38:04Z,,2017-09-06T21:44:16Z,2017-10-08T16:19:01Z
MDExOlB1bGxSZXF1ZXN0MTI4MDI2MTYw,https://github.com/behave/behave/pull/580,2017-06-28T21:39:18Z,,2017-10-08T14:59:44Z,2017-10-08T14:58:44Z
MDExOlB1bGxSZXF1ZXN0MTI5NTc0MTg4,https://github.com/behave/behave/pull/584,2017-07-09T18:58:14Z,,2017-10-08T14:07:02Z,2017-10-08T14:07:02Z
MDExOlB1bGxSZXF1ZXN0MTI5ODY2OTQ5,https://github.com/behave/behave/pull/585,2017-07-11T09:53:20Z,,2017-10-08T16:09:57Z,2017-10-08T16:09:57Z
MDExOlB1bGxSZXF1ZXN0MTMzNDEzNTEx,https://github.com/behave/behave/pull/588,2017-08-01T08:15:18Z,2018-02-13T22:07:06Z,2018-02-13T22:06:41Z,2019-07-01T05:59:27Z
MDExOlB1bGxSZXF1ZXN0MTMzOTYxMzE3,https://github.com/behave/behave/pull/591,2017-08-03T14:37:19Z,2019-07-16T16:01:51Z,2018-03-05T15:58:49Z,2021-07-07T18:54:04Z
MDExOlB1bGxSZXF1ZXN0MTM0MDg3OTY3,https://github.com/behave/behave/pull/592,2017-08-04T04:17:56Z,2019-04-24T16:29:37Z,2017-08-15T19:51:10Z,2019-05-08T17:05:36Z
MDExOlB1bGxSZXF1ZXN0MTM0MzIzNDMx,https://github.com/behave/behave/pull/593,2017-08-06T11:42:51Z,2018-02-13T22:07:05Z,2018-02-13T22:06:40Z,2018-02-27T22:21:21Z
MDExOlB1bGxSZXF1ZXN0MTQxMTAyMDg4,https://github.com/behave/behave/pull/596,2017-09-14T15:13:40Z,,2017-09-14T20:02:29Z,2017-10-08T20:07:17Z
MDExOlB1bGxSZXF1ZXN0MTQzNTIxMjM4,https://github.com/behave/behave/pull/599,2017-09-27T23:09:59Z,,2017-10-08T14:01:07Z,2017-10-08T14:00:43Z
MDExOlB1bGxSZXF1ZXN0MTQ1MjYzNDU1,https://github.com/behave/behave/pull/600,2017-10-06T23:17:15Z,,2017-10-08T10:51:25Z,2017-10-08T13:47:09Z
MDExOlB1bGxSZXF1ZXN0MTQ2MzU3MjQ1,https://github.com/behave/behave/pull/601,2017-10-13T02:18:06Z,,2017-10-13T21:33:20Z,2017-12-02T21:04:41Z
MDExOlB1bGxSZXF1ZXN0MTQ2ODY3ODEx,https://github.com/behave/behave/pull/603,2017-10-16T19:27:34Z,,,2017-11-04T16:06:20Z
MDExOlB1bGxSZXF1ZXN0MTUwNzYyMTk5,https://github.com/behave/behave/pull/608,2017-11-06T03:06:27Z,2018-05-07T03:36:53Z,2017-11-08T00:02:10Z,2018-05-21T04:19:31Z
MDExOlB1bGxSZXF1ZXN0MTUxMzA1MTAy,https://github.com/behave/behave/pull/609,2017-11-08T06:48:03Z,,2017-12-02T19:38:42Z,2017-12-02T19:38Z
MDExOlB1bGxSZXF1ZXN0MTU5MzE2MTAx,https://github.com/behave/behave/pull/614,2017-12-20T02:14:42Z,,2018-01-25T22:42:18Z,2018-01-26T15:48:38Z
MDExOlB1bGxSZXF1ZXN0MTYwNTYyNDQ5,https://github.com/behave/behave/pull/615,2017-12-29T21:28:27Z,2018-06-27T23:29:45Z,2018-06-27T23:29:42Z,2018-07-11T23:40:25Z
MDExOlB1bGxSZXF1ZXN0MTYwOTgxNjQ3,https://github.com/behave/behave/pull/616,2018-01-03T19:22:50Z,2020-11-27T01:01:57Z,2018-01-03T22:32:06Z,
MDExOlB1bGxSZXF1ZXN0MTYyNjU5NjMy,https://github.com/behave/behave/pull/618,2018-01-12T15:39:40Z,,2018-01-17T21:49:13Z,2018-01-17T21:48:52Z
MDExOlB1bGxSZXF1ZXN0MTY2MzcxNTU1,https://github.com/behave/behave/pull/620,2018-01-31T20:46:59Z,,2018-01-31T20:51:59Z,2018-01-31T20:49:31Z
MDExOlB1bGxSZXF1ZXN0MTY2MzcyNjA3,https://github.com/behave/behave/pull/621,2018-01-31T20:51:36Z,2018-02-02T22:04:22Z,2018-02-02T22:30:39Z,2018-05-16T23:09:56Z
MDExOlB1bGxSZXF1ZXN0MTcwMTk5ODYz,https://github.com/behave/behave/pull/626,2018-02-20T14:01Z,,2018-02-20T19:37:42Z,2018-02-20T19:37:34Z
MDExOlB1bGxSZXF1ZXN0MTcyMDAxMTg3,https://github.com/behave/behave/pull/627,2018-02-28T16:18:21Z,2018-09-04T19:27:01Z,2018-09-04T19:27Z,2018-09-18T19:33:24Z
MDExOlB1bGxSZXF1ZXN0MTcyNjQ2OTQ0,https://github.com/behave/behave/pull/628,2018-03-03T03:10:15Z,,2018-03-03T09:04:06Z,2018-03-03T08:59:47Z
MDExOlB1bGxSZXF1ZXN0MTc5ODc3OTQ4,https://github.com/behave/behave/pull/642,2018-04-06T07:57:33Z,,2018-04-07T11:57:43Z,2018-04-07T11:56:56Z
MDExOlB1bGxSZXF1ZXN0MTg0NTE0MzI4,https://github.com/behave/behave/pull/649,2018-04-27T03:16:23Z,,2018-04-27T05:52:40Z,2018-04-27T05:52:40Z
MDExOlB1bGxSZXF1ZXN0MTg3NjcwNjU5,https://github.com/behave/behave/pull/655,2018-05-13T13:40:37Z,,2018-05-15T18:02:17Z,2018-05-15T17:59:33Z
MDExOlB1bGxSZXF1ZXN0MTg4ODg2NTAw,https://github.com/behave/behave/pull/656,2018-05-17T23:24:53Z,,2018-06-09T11:27:25Z,2018-07-16T21:53:27Z
MDExOlB1bGxSZXF1ZXN0MTg5MzkyODky,https://github.com/behave/behave/pull/657,2018-05-21T14:20:25Z,,2018-06-09T11:08:11Z,2018-06-09T11:07:34Z
MDExOlB1bGxSZXF1ZXN0MTkyODcyMzQ4,https://github.com/behave/behave/pull/660,2018-06-06T00:41:52Z,,2018-06-06T20:50:31Z,2018-06-06T20:47:31Z
MDExOlB1bGxSZXF1ZXN0MTkyODk5ODU2,https://github.com/behave/behave/pull/663,2018-06-06T04:57:54Z,,2018-06-06T05:01:23Z,2018-06-09T11:19:49Z
MDExOlB1bGxSZXF1ZXN0MTk1MzQxNDgx,https://github.com/behave/behave/pull/666,2018-06-16T17:33:50Z,,2018-07-02T20:09:21Z,2018-07-16T21:53:04Z
MDExOlB1bGxSZXF1ZXN0MjAzNjMwOTEz,https://github.com/behave/behave/pull/676,2018-07-24T19:30:13Z,2019-02-12T18:50:17Z,2018-08-16T18:50:06Z,2019-02-26T19:15:32Z
MDExOlB1bGxSZXF1ZXN0MjAzODE1MjAz,https://github.com/behave/behave/pull/677,2018-07-25T12:06:01Z,2019-03-05T22:59:20Z,2018-07-28T08:12:06Z,2019-03-19T23:38:03Z
MDExOlB1bGxSZXF1ZXN0MjA0MjA0MjE1,https://github.com/behave/behave/pull/679,2018-07-26T16:51:49Z,,2018-10-03T09:50:14Z,2018-10-03T09:49:44Z
MDExOlB1bGxSZXF1ZXN0MjA1MjY3OTkx,https://github.com/behave/behave/pull/680,2018-07-31T23:14:57Z,,2018-10-03T10:59:17Z,2018-10-03T10:58:48Z
MDExOlB1bGxSZXF1ZXN0MjA1NzAzMzE0,https://github.com/behave/behave/pull/681,2018-08-02T11:30:39Z,,2018-08-10T19:29:47Z,2018-08-10T19:29:47Z
MDExOlB1bGxSZXF1ZXN0MjA3MjI3NjQy,https://github.com/behave/behave/pull/682,2018-08-09T07:44:36Z,,2018-09-06T22:33:11Z,2019-03-11T21:45:51Z
MDExOlB1bGxSZXF1ZXN0MjA4MzU5NjY5,https://github.com/behave/behave/pull/684,2018-08-14T17:46:56Z,,2018-09-06T22:35:36Z,2018-09-06T22:35:33Z
MDExOlB1bGxSZXF1ZXN0MjE3OTg0Mjg4,https://github.com/behave/behave/pull/693,2018-09-25T13:39:13Z,,2018-09-25T22:46:54Z,2018-09-25T15:05:26Z
MDExOlB1bGxSZXF1ZXN0MjI4NDExOTQ1,https://github.com/behave/behave/pull/699,2018-11-05T16:28:56Z,,2018-11-05T16:39:49Z,2018-11-06T20:01:50Z
MDExOlB1bGxSZXF1ZXN0MjI4NzA4ODc5,https://github.com/behave/behave/pull/700,2018-11-06T14:24:31Z,,2018-11-06T20:12:14Z,2018-11-06T20:11:45Z
MDExOlB1bGxSZXF1ZXN0MjI4OTkxNTgw,https://github.com/behave/behave/pull/701,2018-11-07T11:04:44Z,,2018-11-07T21:42:52Z,2018-11-09T00:15:51Z
MDExOlB1bGxSZXF1ZXN0MjMxNDg0OTAw,https://github.com/behave/behave/pull/705,2018-11-16T10:34:36Z,2019-07-04T12:10:47Z,2018-11-17T10:18:27Z,2020-12-11T20:54:38Z
MDExOlB1bGxSZXF1ZXN0MjQxMTY3NjUx,https://github.com/behave/behave/pull/718,2018-12-27T14:49:26Z,2020-04-17T01:08:20Z,2019-05-24T08:21:17Z,2020-04-23T13:09:47Z
MDExOlB1bGxSZXF1ZXN0MjQyMDA5MzA5,https://github.com/behave/behave/pull/720,2019-01-03T14:26:16Z,,2019-01-09T20:39:54Z,2019-01-09T20:39:54Z
MDExOlB1bGxSZXF1ZXN0MjQzMzkwMjE1,https://github.com/behave/behave/pull/722,2019-01-09T16:14Z,,2019-01-10T22:49:14Z,2019-01-10T22:46:53Z
MDExOlB1bGxSZXF1ZXN0MjQ3Nzg5NTA5,https://github.com/behave/behave/pull/726,2019-01-25T19:30:13Z,2019-07-24T19:59:03Z,2019-07-24T19:59:02Z,2020-07-26T08:43:50Z
MDExOlB1bGxSZXF1ZXN0MjQ5MzMzODEx,https://github.com/behave/behave/pull/727,2019-01-31T17:25:03Z,2019-07-30T18:13:25Z,2019-07-30T18:13:24Z,2019-08-13T18:32Z
MDExOlB1bGxSZXF1ZXN0MjU2MDkxMTA2,https://github.com/behave/behave/pull/731,2019-02-25T23:53:16Z,,2019-03-03T23:05:40Z,2019-03-03T23:05:22Z
MDExOlB1bGxSZXF1ZXN0MjYyNjQzMTkz,https://github.com/behave/behave/pull/734,2019-03-19T21:44:03Z,2019-09-15T22:05:27Z,2019-09-15T22:05:26Z,2019-09-29T22:50:22Z
MDExOlB1bGxSZXF1ZXN0MjYzMDk2NzQx,https://github.com/behave/behave/pull/735,2019-03-21T02:10:36Z,2019-09-17T02:50:04Z,2019-09-17T02:50:03Z,2019-10-01T06:12:48Z
MDExOlB1bGxSZXF1ZXN0MjczNjY2NTg3,https://github.com/behave/behave/pull/747,2019-04-25T20:12:56Z,2019-11-16T18:01:14Z,2019-04-25T20:13:45Z,2019-11-30T18:25:13Z
MDExOlB1bGxSZXF1ZXN0MjgzNzI4MzQ5,https://github.com/behave/behave/pull/751,2019-05-30T16:48:05Z,,2019-06-08T17:52:33Z,2019-07-07T22:44:01Z
MDExOlB1bGxSZXF1ZXN0Mjk2OTQ4NzAw,https://github.com/behave/behave/pull/761,2019-07-12T07:24:28Z,2020-05-30T02:52:09Z,2019-11-28T11:14:21Z,2020-11-26T23:59:05Z
MDExOlB1bGxSZXF1ZXN0MzAzNDYxODkx,https://github.com/behave/behave/pull/768,2019-08-01T16:26:03Z,,2019-08-07T21:17:54Z,2019-08-07T21:17:12Z
MDExOlB1bGxSZXF1ZXN0MzA4NDY2NzM3,https://github.com/behave/behave/pull/774,2019-08-19T06:46:49Z,2020-04-04T02:11:53Z,2019-10-07T01:47:29Z,2022-01-08T23:52:39Z
MDExOlB1bGxSZXF1ZXN0MzE2ODIyMDY5,https://github.com/behave/behave/pull/778,2019-09-12T09:48:38Z,2020-03-10T09:48:53Z,2020-03-10T09:48:52Z,2020-03-24T10:11:45Z
MDExOlB1bGxSZXF1ZXN0MzI0MDE3ODYz,https://github.com/behave/behave/pull/780,2019-10-03T02:31:44Z,2020-08-08T07:16:01Z,2020-02-09T14:19:38Z,2020-08-22T19:55:05Z
MDExOlB1bGxSZXF1ZXN0MzMwOTE0MDUx,https://github.com/behave/behave/pull/787,2019-10-22T10:23:07Z,2020-04-25T14:22:32Z,2020-04-25T14:22:31Z,2022-10-23T13:00:09Z
MDExOlB1bGxSZXF1ZXN0MzQzOTU5NTAx,https://github.com/behave/behave/pull/795,2019-11-21T10:39:10Z,2020-11-27T00:53:43Z,2019-11-21T10:47:19Z,2021-07-07T18:46:28Z
MDExOlB1bGxSZXF1ZXN0MzgzNzc5NDcx,https://github.com/behave/behave/pull/815,2020-03-04T18:42:26Z,,2020-06-05T10:53:31Z,2020-06-05T12:48:10Z
MDExOlB1bGxSZXF1ZXN0Mzk0NjkxNzI1,https://github.com/behave/behave/pull/819,2020-03-27T11:11:12Z,2020-10-04T03:16:21Z,2020-03-29T16:18:47Z,2020-12-14T17:53:44Z
MDExOlB1bGxSZXF1ZXN0Mzk5MTQ1NTQ1,https://github.com/behave/behave/pull/823,2020-04-05T16:00:19Z,2020-10-04T03:16:20Z,2020-10-04T03:16:16Z,2020-10-05T18:25:49Z
MDExOlB1bGxSZXF1ZXN0Mzk5MjA1NTQ3,https://github.com/behave/behave/pull/824,2020-04-05T19:09:33Z,2020-10-04T03:16:18Z,2020-10-04T03:16:14Z,
MDExOlB1bGxSZXF1ZXN0NDAyMDUyODEy,https://github.com/behave/behave/pull/826,2020-04-10T20:19:06Z,,,2020-06-11T21:59:38Z
MDExOlB1bGxSZXF1ZXN0NDA0MTkyNzYz,https://github.com/behave/behave/pull/827,2020-04-16T08:18:13Z,2020-11-27T00:14:45Z,2020-04-16T11:28:48Z,2021-01-12T12:39:28Z
MDExOlB1bGxSZXF1ZXN0NDE2NzI1Nzc5,https://github.com/behave/behave/pull/834,2020-05-12T13:28:23Z,2020-11-26T23:48:54Z,2020-12-05T12:00:50Z,
MDExOlB1bGxSZXF1ZXN0NDI2ODUwMjYy,https://github.com/behave/behave/pull/840,2020-06-02T21:57:06Z,2020-11-26T22:59:42Z,,2020-12-14T07:41:44Z
MDExOlB1bGxSZXF1ZXN0NDM1OTM1MzM1,https://github.com/behave/behave/pull/843,2020-06-17T15:38:37Z,2020-11-26T22:42:56Z,2020-06-19T10:04:44Z,
MDExOlB1bGxSZXF1ZXN0NDQwNDg0MTAy,https://github.com/behave/behave/pull/844,2020-06-26T09:36:15Z,2020-11-26T22:38:53Z,2020-11-26T22:41:08Z,2020-11-26T22:40:51Z
MDExOlB1bGxSZXF1ZXN0NDQxMzcwNTc4,https://github.com/behave/behave/pull/845,2020-06-29T12:17:12Z,2020-11-26T22:35:59Z,2020-08-13T14:35:57Z,2022-01-08T23:52:38Z
MDExOlB1bGxSZXF1ZXN0NDU0MjYyNjg2,https://github.com/behave/behave/pull/851,2020-07-21T08:25:35Z,2020-11-26T22:25:07Z,2020-09-28T13:55:30Z,2021-07-07T18:50:07Z
MDExOlB1bGxSZXF1ZXN0NDg2MTkwNDU0,https://github.com/behave/behave/pull/865,2020-09-13T14:32:09Z,2020-11-26T22:25:32Z,2021-06-26T03:02:38Z,2022-01-08T23:52:40Z
MDExOlB1bGxSZXF1ZXN0NDkzMDE1NzI0,https://github.com/behave/behave/pull/867,2020-09-25T11:38:16Z,2020-11-26T22:28:17Z,2020-09-25T12:02:49Z,2020-12-14T17:05:50Z
MDExOlB1bGxSZXF1ZXN0NTA3MDk1NjQ3,https://github.com/behave/behave/pull/872,2020-10-20T21:04:55Z,,,2020-10-20T21:05:47Z
MDExOlB1bGxSZXF1ZXN0NTE1MjI3NDg2,https://github.com/behave/behave/pull/874,2020-11-04T08:43:46Z,,,2020-11-04T09:31:42Z
MDExOlB1bGxSZXF1ZXN0NTE1MjU1MjA0,https://github.com/behave/behave/pull/875,2020-11-04T09:32:40Z,,,2020-11-04T09:56:08Z
MDExOlB1bGxSZXF1ZXN0NTE1MjY5MDA5,https://github.com/behave/behave/pull/876,2020-11-04T09:57:05Z,,,2022-11-20T09:33:29Z
MDExOlB1bGxSZXF1ZXN0NTIxMjMxODkz,https://github.com/behave/behave/pull/877,2020-11-15T17:46:56Z,2020-11-26T22:29:50Z,2020-12-04T23:26:17Z,2020-12-04T23:30:42Z
MDExOlB1bGxSZXF1ZXN0NTM4Mzc1Mjc0,https://github.com/behave/behave/pull/887,2020-12-12T18:36:18Z,2020-12-12T18:36:18Z,2020-12-15T11:04:15Z,2020-12-15T11:04:42Z
MDExOlB1bGxSZXF1ZXN0NTQ1NzM1MTkx,https://github.com/behave/behave/pull/892,2020-12-26T21:16:24Z,,2020-12-27T18:54:11Z,2020-12-27T18:53:49Z
MDExOlB1bGxSZXF1ZXN0NTUwNzcyNjk4,https://github.com/behave/behave/pull/893,2021-01-07T01:59:41Z,,,2023-05-28T09:18:15Z
MDExOlB1bGxSZXF1ZXN0NTUyMTkwNTE4,https://github.com/behave/behave/pull/894,2021-01-09T21:43:10Z,,2021-01-09T21:55:51Z,2021-01-09T21:55:30Z
MDExOlB1bGxSZXF1ZXN0NTUzNDI0MDY2,https://github.com/behave/behave/pull/895,2021-01-12T12:29:47Z,,2021-01-12T12:32:25Z,2021-01-12T12:31:59Z
MDExOlB1bGxSZXF1ZXN0NTcwNDAyNzQ0,https://github.com/behave/behave/pull/903,2021-02-09T15:48:50Z,,2021-03-15T08:04:42Z,
MDExOlB1bGxSZXF1ZXN0NjIzMjg0ODUw,https://github.com/behave/behave/pull/915,2021-04-26T12:24:26Z,,,2023-09-01T19:32:04Z
MDExOlB1bGxSZXF1ZXN0NjI5OTA5MTMz,https://github.com/behave/behave/pull/920,2021-05-04T15:49:43Z,,,2021-05-04T15:53:16Z
MDExOlB1bGxSZXF1ZXN0NjM2MjcwNzE4,https://github.com/behave/behave/pull/921,2021-05-09T20:16:13Z,,,2023-05-28T09:18:17Z
MDExOlB1bGxSZXF1ZXN0NjQ1MjI5MDk0,https://github.com/behave/behave/pull/923,2021-05-15T22:29:36Z,,,
MDExOlB1bGxSZXF1ZXN0NjQ5NTk5OTY3,https://github.com/behave/behave/pull/925,2021-05-21T02:12:29Z,,2021-05-21T02:14:06Z,2021-05-21T02:13:07Z
MDExOlB1bGxSZXF1ZXN0NzMwNDQ5OTE3,https://github.com/behave/behave/pull/956,2021-09-09T10:39:16Z,,2021-09-10T10:17:41Z,2021-09-10T10:16:55Z
PR_kwDOAChTYM4tNsIg,https://github.com/behave/behave/pull/967,2021-10-14T17:41:02Z,,2021-11-06T12:04:27Z,2022-01-30T21:23:37Z
PR_kwDOAChTYM4ucpu7,https://github.com/behave/behave/pull/975,2021-11-12T10:17:35Z,,,2022-03-06T23:06:50Z
PR_kwDOAChTYM4wUW4E,https://github.com/behave/behave/pull/986,2021-12-27T23:34:09Z,,2021-12-28T10:41:28Z,
PR_kwDOAChTYM4wYRBy,https://github.com/behave/behave/pull/987,2021-12-29T20:38:08Z,,2022-12-22T14:23:25Z,
PR_kwDOAChTYM4wsa96,https://github.com/behave/behave/pull/988,2022-01-09T01:27:12Z,2022-01-09T01:27:13Z,2022-02-05T20:44:08Z,2022-02-05T20:41:39Z
PR_kwDOAChTYM4wsb0u,https://github.com/behave/behave/pull/989,2022-01-09T02:00:26Z,,,2022-01-09T11:24:11Z
PR_kwDOAChTYM4wtMED,https://github.com/behave/behave/pull/991,2022-01-10T00:54:35Z,,2022-01-11T09:59:10Z,2022-12-19T23:12:37Z
PR_kwDOAChTYM40AjFw,https://github.com/behave/behave/pull/1004,2022-03-06T23:06:35Z,,,2023-05-28T09:18:14Z
PR_kwDOAChTYM40AjF_,https://github.com/behave/behave/pull/1005,2022-03-06T23:06:39Z,,,2022-03-12T00:02:59Z
PR_kwDOAChTYM40Ay59,https://github.com/behave/behave/pull/1006,2022-03-07T02:17:23Z,,,2023-03-16T06:31:02Z
PR_kwDOAChTYM40Ay6c,https://github.com/behave/behave/pull/1007,2022-03-07T02:17:27Z,,,
PR_kwDOAChTYM40BFW-,https://github.com/behave/behave/pull/1008,2022-03-07T04:51:51Z,,,2024-01-28T00:15:03Z
PR_kwDOAChTYM42ZGgU,https://github.com/behave/behave/pull/1017,2022-04-19T02:27:56Z,,,
PR_kwDOAChTYM42vGDn,https://github.com/behave/behave/pull/1019,2022-04-25T15:31:53Z,,,2022-11-20T09:33:27Z
PR_kwDOAChTYM44Gswo,https://github.com/behave/behave/pull/1029,2022-05-19T09:08:28Z,,2022-05-19T12:44:21Z,2022-05-19T12:44:21Z
PR_kwDOAChTYM44H2NU,https://github.com/behave/behave/pull/1031,2022-05-19T13:49:54Z,,2022-05-19T15:02:01Z,
PR_kwDOAChTYM45V-iN,https://github.com/behave/behave/pull/1036,2022-06-08T19:29:02Z,,,2022-11-20T09:33:25Z
PR_kwDOAChTYM455Hxc,https://github.com/behave/behave/pull/1039,2022-06-18T12:51:11Z,,2022-06-22T09:06:08Z,
PR_kwDOAChTYM4-wVMj,https://github.com/behave/behave/pull/1052,2022-09-12T06:43:04Z,2022-09-25T11:22:28Z,2022-09-25T11:21:44Z,2022-09-26T06:47:46Z
PR_kwDOAChTYM5AUYVE,https://github.com/behave/behave/pull/1060,2022-10-06T14:18:30Z,,,2022-10-06T14:18:56Z
PR_kwDOAChTYM5A4DBb,https://github.com/behave/behave/pull/1063,2022-10-16T16:05:12Z,,,2022-10-16T16:08:59Z
PR_kwDOAChTYM5BWQ-2,https://github.com/behave/behave/pull/1065,2022-10-22T21:53:28Z,,,2022-10-22T21:57:27Z
PR_kwDOAChTYM5B1nyg,https://github.com/behave/behave/pull/1067,2022-10-30T18:29:51Z,,2022-10-30T18:35:24Z,2022-10-30T18:34:59Z
PR_kwDOAChTYM5DiyYZ,https://github.com/behave/behave/pull/1073,2022-11-23T09:50Z,,,2022-11-23T09:55:17Z
PR_kwDOAChTYM5F-TI-,https://github.com/behave/behave/pull/1077,2022-12-21T16:37:29Z,,,2022-12-21T16:37:42Z
PR_kwDOAChTYM5JcEQo,https://github.com/behave/behave/pull/1083,2023-02-07T14:38:39Z,,2023-02-18T09:33:55Z,2023-02-18T09:43:12Z
PR_kwDOAChTYM5Kx0KM,https://github.com/behave/behave/pull/1087,2023-02-26T18:57:35Z,,,2023-03-25T14:55:49Z
PR_kwDOAChTYM5Lhqpa,https://github.com/behave/behave/pull/1089,2023-03-07T23:55:46Z,,2023-03-08T00:15:29Z,
PR_kwDOAChTYM5Ljcyh,https://github.com/behave/behave/pull/1090,2023-03-08T09:36:05Z,,2023-03-08T09:41:51Z,
PR_kwDOAChTYM5MLJRC,https://github.com/behave/behave/pull/1091,2023-03-16T06:30:41Z,,,
PR_kwDOAChTYM5MLJSY,https://github.com/behave/behave/pull/1092,2023-03-16T06:30:46Z,,,
PR_kwDOAChTYM5NM5aY,https://github.com/behave/behave/pull/1097,2023-03-29T20:19:45Z,,2024-01-30T03:26:36Z,
PR_kwDOAChTYM5Py5MY,https://github.com/behave/behave/pull/1106,2023-05-04T16:41:23Z,2023-05-04T16:41:23Z,2023-05-04T17:08:22Z,2023-05-04T19:14:50Z
PR_kwDOAChTYM5RWb7-,https://github.com/behave/behave/pull/1113,2023-05-25T14:18:52Z,,2023-05-26T11:54:10Z,
PR_kwDOAChTYM5Rh-RY,https://github.com/behave/behave/pull/1114,2023-05-28T09:17:40Z,,,
PR_kwDOAChTYM5Rh-Xo,https://github.com/behave/behave/pull/1115,2023-05-28T09:18:11Z,,,
PR_kwDOAChTYM5SvZBK,https://github.com/behave/behave/pull/1118,2023-06-12T07:59:09Z,,2023-06-12T11:14:40Z,2023-06-12T11:17:10Z
PR_kwDOAChTYM5W1qXk,https://github.com/behave/behave/pull/1124,2023-07-31T19:52:07Z,,,
PR_kwDOAChTYM5W1qa3,https://github.com/behave/behave/pull/1125,2023-07-31T19:52:13Z,,,
PR_kwDOAChTYM5W1x14,https://github.com/behave/behave/pull/1126,2023-07-31T20:12:59Z,,,
PR_kwDOAChTYM5ZSYCF,https://github.com/behave/behave/pull/1132,2023-08-31T23:29Z,,2023-09-01T14:21:24Z,
PR_kwDOAChTYM5ZXiBv,https://github.com/behave/behave/pull/1133,2023-09-01T19:31:56Z,,,
PR_kwDOAChTYM5cpg3p,https://github.com/behave/behave/pull/1144,2023-10-12T15:38:51Z,,2023-11-09T11:27:43Z,
PR_kwDOAChTYM5fAJ0L,https://github.com/behave/behave/pull/1147,2023-11-09T07:45:12Z,,,2023-11-09T11:11:04Z
PR_kwDOAChTYM5f0YNE,https://github.com/behave/behave/pull/1149,2023-11-18T12:46:13Z,,2023-12-16T11:34:07Z,
PR_kwDOAChTYM5hJ78n,https://github.com/behave/behave/pull/1151,2023-12-05T09:40:59Z,,,
PR_kwDOAChTYM5lPeuz,https://github.com/behave/behave/pull/1156,2024-01-28T00:15:01Z,,,
